Kategorie;Datei;Pfad;Beschreibung;Typ;Nutzung;Pruefstatus;Notizen
FieldsTile;FieldsTile_01.png;1 Tiles/FieldsTile_01.png;;;;;
FieldsTile;FieldsTile_02.png;1 Tiles/FieldsTile_02.png;;;;;
FieldsTile;FieldsTile_03.png;1 Tiles/FieldsTile_03.png;;;;;
FieldsTile;FieldsTile_04.png;1 Tiles/FieldsTile_04.png;;;;;
FieldsTile;FieldsTile_05.png;1 Tiles/FieldsTile_05.png;;;;;
FieldsTile;FieldsTile_06.png;1 Tiles/FieldsTile_06.png;;;;;
FieldsTile;FieldsTile_07.png;1 Tiles/FieldsTile_07.png;;;;;
FieldsTile;FieldsTile_08.png;1 Tiles/FieldsTile_08.png;;;;;
FieldsTile;FieldsTile_09.png;1 Tiles/FieldsTile_09.png;;;;;
FieldsTile;FieldsTile_10.png;1 Tiles/FieldsTile_10.png;;;;;
FieldsTile;FieldsTile_11.png;1 Tiles/FieldsTile_11.png;;;;;
FieldsTile;FieldsTile_12.png;1 Tiles/FieldsTile_12.png;;;;;
FieldsTile;FieldsTile_13.png;1 Tiles/FieldsTile_13.png;;;;;
FieldsTile;FieldsTile_14.png;1 Tiles/FieldsTile_14.png;;;;;
FieldsTile;FieldsTile_15.png;1 Tiles/FieldsTile_15.png;;;;;
FieldsTile;FieldsTile_16.png;1 Tiles/FieldsTile_16.png;;;;;
FieldsTile;FieldsTile_17.png;1 Tiles/FieldsTile_17.png;;;;;
FieldsTile;FieldsTile_18.png;1 Tiles/FieldsTile_18.png;;;;;
FieldsTile;FieldsTile_19.png;1 Tiles/FieldsTile_19.png;;;;;
FieldsTile;FieldsTile_20.png;1 Tiles/FieldsTile_20.png;;;;;
FieldsTile;FieldsTile_21.png;1 Tiles/FieldsTile_21.png;;;;;
FieldsTile;FieldsTile_22.png;1 Tiles/FieldsTile_22.png;;;;;
FieldsTile;FieldsTile_23.png;1 Tiles/FieldsTile_23.png;;;;;
FieldsTile;FieldsTile_24.png;1 Tiles/FieldsTile_24.png;;;;;
FieldsTile;FieldsTile_25.png;1 Tiles/FieldsTile_25.png;;;;;
FieldsTile;FieldsTile_26.png;1 Tiles/FieldsTile_26.png;;;;;
FieldsTile;FieldsTile_27.png;1 Tiles/FieldsTile_27.png;;;;;
FieldsTile;FieldsTile_28.png;1 Tiles/FieldsTile_28.png;;;;;
FieldsTile;FieldsTile_29.png;1 Tiles/FieldsTile_29.png;;;;;
FieldsTile;FieldsTile_30.png;1 Tiles/FieldsTile_30.png;;;;;
FieldsTile;FieldsTile_31.png;1 Tiles/FieldsTile_31.png;;;;;
FieldsTile;FieldsTile_32.png;1 Tiles/FieldsTile_32.png;;;;;
FieldsTile;FieldsTile_33.png;1 Tiles/FieldsTile_33.png;;;;;
FieldsTile;FieldsTile_34.png;1 Tiles/FieldsTile_34.png;;;;;
FieldsTile;FieldsTile_35.png;1 Tiles/FieldsTile_35.png;;;;;
FieldsTile;FieldsTile_36.png;1 Tiles/FieldsTile_36.png;;;;;
FieldsTile;FieldsTile_37.png;1 Tiles/FieldsTile_37.png;;;;;
FieldsTile;FieldsTile_38.png;1 Tiles/FieldsTile_38.png;;;;;
FieldsTile;FieldsTile_39.png;1 Tiles/FieldsTile_39.png;;;;;
FieldsTile;FieldsTile_40.png;1 Tiles/FieldsTile_40.png;;;;;
FieldsTile;FieldsTile_41.png;1 Tiles/FieldsTile_41.png;;;;;
FieldsTile;FieldsTile_42.png;1 Tiles/FieldsTile_42.png;;;;;
FieldsTile;FieldsTile_43.png;1 Tiles/FieldsTile_43.png;;;;;
FieldsTile;FieldsTile_44.png;1 Tiles/FieldsTile_44.png;;;;;
FieldsTile;FieldsTile_45.png;1 Tiles/FieldsTile_45.png;;;;;
FieldsTile;FieldsTile_46.png;1 Tiles/FieldsTile_46.png;;;;;
FieldsTile;FieldsTile_47.png;1 Tiles/FieldsTile_47.png;;;;;
FieldsTile;FieldsTile_48.png;1 Tiles/FieldsTile_48.png;;;;;
FieldsTile;FieldsTile_49.png;1 Tiles/FieldsTile_49.png;;;;;
FieldsTile;FieldsTile_50.png;1 Tiles/FieldsTile_50.png;;;;;
FieldsTile;FieldsTile_51.png;1 Tiles/FieldsTile_51.png;;;;;
FieldsTile;FieldsTile_52.png;1 Tiles/FieldsTile_52.png;;;;;
FieldsTile;FieldsTile_53.png;1 Tiles/FieldsTile_53.png;;;;;
FieldsTile;FieldsTile_54.png;1 Tiles/FieldsTile_54.png;;;;;
FieldsTile;FieldsTile_55.png;1 Tiles/FieldsTile_55.png;;;;;
FieldsTile;FieldsTile_56.png;1 Tiles/FieldsTile_56.png;;;;;
FieldsTile;FieldsTile_57.png;1 Tiles/FieldsTile_57.png;;;;;
FieldsTile;FieldsTile_58.png;1 Tiles/FieldsTile_58.png;;;;;
FieldsTile;FieldsTile_59.png;1 Tiles/FieldsTile_59.png;;;;;
FieldsTile;FieldsTile_60.png;1 Tiles/FieldsTile_60.png;;;;;
FieldsTile;FieldsTile_61.png;1 Tiles/FieldsTile_61.png;;;;;
FieldsTile;FieldsTile_62.png;1 Tiles/FieldsTile_62.png;;;;;
FieldsTile;FieldsTile_63.png;1 Tiles/FieldsTile_63.png;;;;;
FieldsTile;FieldsTile_64.png;1 Tiles/FieldsTile_64.png;;;;;
Tile2;Tile2_01.png;1.1 Tiles/Tile2_01.png;;;;;
Tile2;Tile2_02.png;1.1 Tiles/Tile2_02.png;;;;;
Tile2;Tile2_03.png;1.1 Tiles/Tile2_03.png;;;;;
Tile2;Tile2_04.png;1.1 Tiles/Tile2_04.png;;;;;
Tile2;Tile2_05.png;1.1 Tiles/Tile2_05.png;;;;;
Tile2;Tile2_06.png;1.1 Tiles/Tile2_06.png;;;;;
Tile2;Tile2_07.png;1.1 Tiles/Tile2_07.png;;;;;
Tile2;Tile2_08.png;1.1 Tiles/Tile2_08.png;;;;;
Tile2;Tile2_09.png;1.1 Tiles/Tile2_09.png;;;;;
Tile2;Tile2_10.png;1.1 Tiles/Tile2_10.png;;;;;
Tile2;Tile2_11.png;1.1 Tiles/Tile2_11.png;;;;;
Tile2;Tile2_12.png;1.1 Tiles/Tile2_12.png;;;;;
Tile2;Tile2_13.png;1.1 Tiles/Tile2_13.png;;;;;
Tile2;Tile2_14.png;1.1 Tiles/Tile2_14.png;;;;;
Tile2;Tile2_15.png;1.1 Tiles/Tile2_15.png;;;;;
Tile2;Tile2_16.png;1.1 Tiles/Tile2_16.png;;;;;
Tile2;Tile2_17.png;1.1 Tiles/Tile2_17.png;;;;;
Tile2;Tile2_18.png;1.1 Tiles/Tile2_18.png;;;;;
Tile2;Tile2_19.png;1.1 Tiles/Tile2_19.png;;;;;
Tile2;Tile2_20.png;1.1 Tiles/Tile2_20.png;;;;;
Tile2;Tile2_21.png;1.1 Tiles/Tile2_21.png;;;;;
Tile2;Tile2_22.png;1.1 Tiles/Tile2_22.png;;;;;
Tile2;Tile2_23.png;1.1 Tiles/Tile2_23.png;;;;;
Tile2;Tile2_24.png;1.1 Tiles/Tile2_24.png;;;;;
Tile2;Tile2_25.png;1.1 Tiles/Tile2_25.png;;;;;
Tile2;Tile2_26.png;1.1 Tiles/Tile2_26.png;;;;;
Tile2;Tile2_27.png;1.1 Tiles/Tile2_27.png;;;;;
Tile2;Tile2_28.png;1.1 Tiles/Tile2_28.png;;;;;
Tile2;Tile2_29.png;1.1 Tiles/Tile2_29.png;;;;;
Tile2;Tile2_30.png;1.1 Tiles/Tile2_30.png;;;;;
Tile2;Tile2_31.png;1.1 Tiles/Tile2_31.png;;;;;
Tile2;Tile2_32.png;1.1 Tiles/Tile2_32.png;;;;;
Tile2;Tile2_33.png;1.1 Tiles/Tile2_33.png;;;;;
Tile2;Tile2_34.png;1.1 Tiles/Tile2_34.png;;;;;
Tile2;Tile2_35.png;1.1 Tiles/Tile2_35.png;;;;;
Tile2;Tile2_36.png;1.1 Tiles/Tile2_36.png;;;;;
Tile2;Tile2_37.png;1.1 Tiles/Tile2_37.png;;;;;
Tile2;Tile2_38.png;1.1 Tiles/Tile2_38.png;;;;;
Tile2;Tile2_39.png;1.1 Tiles/Tile2_39.png;;;;;
Tile2;Tile2_40.png;1.1 Tiles/Tile2_40.png;;;;;
Tile2;Tile2_41.png;1.1 Tiles/Tile2_41.png;;;;;
Tile2;Tile2_42.png;1.1 Tiles/Tile2_42.png;;;;;
Tile2;Tile2_43.png;1.1 Tiles/Tile2_43.png;;;;;
Tile2;Tile2_44.png;1.1 Tiles/Tile2_44.png;;;;;
Tile2;Tile2_45.png;1.1 Tiles/Tile2_45.png;;;;;
Tile2;Tile2_46.png;1.1 Tiles/Tile2_46.png;;;;;
Tile2;Tile2_47.png;1.1 Tiles/Tile2_47.png;;;;;
Tile2;Tile2_48.png;1.1 Tiles/Tile2_48.png;;;;;
Tile2;Tile2_49.png;1.1 Tiles/Tile2_49.png;;;;;
Tile2;Tile2_50.png;1.1 Tiles/Tile2_50.png;;;;;
Tile2;Tile2_51.png;1.1 Tiles/Tile2_51.png;;;;;
Tile2;Tile2_52.png;1.1 Tiles/Tile2_52.png;;;;;
Tile2;Tile2_53.png;1.1 Tiles/Tile2_53.png;;;;;
Tile2;Tile2_54.png;1.1 Tiles/Tile2_54.png;;;;;
Tile2;Tile2_55.png;1.1 Tiles/Tile2_55.png;;;;;
Tile2;Tile2_56.png;1.1 Tiles/Tile2_56.png;;;;;
Tile2;Tile2_57.png;1.1 Tiles/Tile2_57.png;;;;;
Tile2;Tile2_58.png;1.1 Tiles/Tile2_58.png;;;;;
Tile2;Tile2_59.png;1.1 Tiles/Tile2_59.png;;;;;
Tile2;Tile2_60.png;1.1 Tiles/Tile2_60.png;;;;;
Tile2;Tile2_61.png;1.1 Tiles/Tile2_61.png;;;;;
Tile2;Tile2_62.png;1.1 Tiles/Tile2_62.png;;;;;
Tile2;Tile2_63.png;1.1 Tiles/Tile2_63.png;;;;;
Tile2;Tile2_64.png;1.1 Tiles/Tile2_64.png;;;;;
Schatten;1.png;2 Objects/1 Shadow/1.png;;;;;
Schatten;2.png;2 Objects/1 Shadow/2.png;;;;;
Schatten;3.png;2 Objects/1 Shadow/3.png;;;;;
Schatten;4.png;2 Objects/1 Shadow/4.png;;;;;
Schatten;5.png;2 Objects/1 Shadow/5.png;;;;;
Schatten;6.png;2 Objects/1 Shadow/6.png;;;;;
Stein;1.png;2 Objects/2 Stone/1.png;;;;;
Stein;2.png;2 Objects/2 Stone/2.png;;;;;
Stein;3.png;2 Objects/2 Stone/3.png;;;;;
Stein;4.png;2 Objects/2 Stone/4.png;;;;;
Stein;5.png;2 Objects/2 Stone/5.png;;;;;
Stein;6.png;2 Objects/2 Stone/6.png;;;;;
Deko;1.png;2 Objects/3 Decor/1.png;;;;;
Deko;10.png;2 Objects/3 Decor/10.png;;;;;
Deko;11.png;2 Objects/3 Decor/11.png;;;;;
Deko;12.png;2 Objects/3 Decor/12.png;;;;;
Deko;13.png;2 Objects/3 Decor/13.png;;;;;
Deko;14.png;2 Objects/3 Decor/14.png;;;;;
Deko;15.png;2 Objects/3 Decor/15.png;;;;;
Deko;16.png;2 Objects/3 Decor/16.png;;;;;
Deko;17.png;2 Objects/3 Decor/17.png;;;;;
Deko;2.png;2 Objects/3 Decor/2.png;;;;;
Deko;3.png;2 Objects/3 Decor/3.png;;;;;
Deko;4.png;2 Objects/3 Decor/4.png;;;;;
Deko;5.png;2 Objects/3 Decor/5.png;;;;;
Deko;6.png;2 Objects/3 Decor/6.png;;;;;
Deko;7.png;2 Objects/3 Decor/7.png;;;;;
Deko;8.png;2 Objects/3 Decor/8.png;;;;;
Deko;9.png;2 Objects/3 Decor/9.png;;;;;
Kiste;1.png;2 Objects/4 Box/1.png;;;;;
Kiste;2.png;2 Objects/4 Box/2.png;;;;;
Kiste;3.png;2 Objects/4 Box/3.png;;;;;
Kiste;4.png;2 Objects/4 Box/4.png;;;;;
Kiste;5.png;2 Objects/4 Box/5.png;;;;;
Gras;1.png;2 Objects/5 Grass/1.png;;;;;
Gras;2.png;2 Objects/5 Grass/2.png;;;;;
Gras;3.png;2 Objects/5 Grass/3.png;;;;;
Gras;4.png;2 Objects/5 Grass/4.png;;;;;
Gras;5.png;2 Objects/5 Grass/5.png;;;;;
Gras;6.png;2 Objects/5 Grass/6.png;;;;;
Zelt;1.png;2 Objects/6 Tent/1.png;;;;;
Zelt;2.png;2 Objects/6 Tent/2.png;;;;;
Zelt;3.png;2 Objects/6 Tent/3.png;;;;;
Zelt;4.png;2 Objects/6 Tent/4.png;;;;;
Haus;1.png;2 Objects/7 House/1.png;;;;;
Haus;2.png;2 Objects/7 House/2.png;;;;;
Haus;3.png;2 Objects/7 House/3.png;;;;;
Haus;4.png;2 Objects/7 House/4.png;;;;;
Animiert;Door1.png;3 Animated Objects/Door1.png;;;;;
Animiert;Door2.png;3 Animated Objects/Door2.png;;;;;
Animiert;DoubleDoor1.png;3 Animated Objects/DoubleDoor1.png;;;;;
Animiert;DoubleDoor2.png;3 Animated Objects/DoubleDoor2.png;;;;;
